<?xml version="1.0" encoding="UTF-8"?>
<!DOCTYPE log4j:configuration SYSTEM "log4j.dtd">
<log4j:configuration debug="true" xmlns:log4j="http://jakarta.apache.org/log4j/">
    <appender class="org.apache.log4j.ConsoleAppender" name="console">
        <layout class="org.apache.log4j.PatternLayout">
            <param value="%-5p [%x]:[%d{ISO8601}] %m%n" name="ConversionPattern"/>
        </layout>
    </appender>
    <appender class="org.apache.log4j.RollingFileAppender" name="R">
        <param value="C:/bea103/user_projects/cpl/poller.log" name="File"/>
        <param value="50" name="MaxBackupIndex"/>
        <param value="5MB" name="MaxFileSize"/>
        <layout class="org.apache.log4j.PatternLayout">
            <param value="%-5p [%x]:[%d{ISO8601}] %m%n" name="ConversionPattern"/>
        </layout>
    </appender>
    <root>
        <level value="debug"/>
        <appender-ref ref="R"/>
        <appender-ref ref="console"/>
    </root>
</log4j:configuration>
