<?xml version="1.0" encoding="UTF-8"?>
<!-- <!DOCTYPE preferences SYSTEM 'preferences.dtd'> -->
<preferences EXTERNAL_XML_VERSION="1.0">
<root type = "system">    
	<map/>
	<node name = "DBBind">
		<map>
			<entry key = "UseColumnValidation" value = "true"/>
			<entry key = "DBList" value = "CFDB,ADB,ODB"/>
		</map>
	</node>
    <node name = "SybaseConnection">
    <map>
        <entry key = "UseDataSourceFlag" value = "NO"/>
        <entry key = "DataSourceName" value = "SybaseDataSource"/>
        <entry key = "ProviderURL" value = "t3://127.0.0.1:7001"/>
    </map>
    </node>
	
    <node name = "OracleConnection">
    <map>
        <entry key = "UseDataSourceFlag" value = "NO"/>
        <entry key = "UsePropertyFileFlag" value = "YES"/>
		<entry key = "DatabaseName" value = "CONFIRMATION"/>
        <entry key = "PropertyFileName" value = "C:/Config/oracle_dev_cmwu2.properties"/>
        <entry key = "DataSourceName" value = "OracleDataSource"/>
        <entry key = "ProviderURL" value = "t3://127.0.0.1:8070"/>
    </map>
    </node>
    <node name="CPLJMSConnection">	
    <map>
        <entry key="INITIAL_CONTEXT_FACTORY" value="weblogic.jndi.WLInitialContextFactory"/>
        <entry key="PROVIDER_URL_NAME" value="t3://localhost:8070"/>
        <entry key="CONNECTION_FACTORY_NAME" value="jms/CPLJMSConnectionFactory"/>
        <entry key="QUEUE_NAME" value="jms/CPLWorkflowQueue"/>
        <entry key="FLOW_NAME" value="Transformation"/>
		<entry key="TRANSFORMATION_FLOW_NAME" value="Transformation"/>
   		<entry key="RULE_UPDATE_FLOW_NAME" value="BusinessRuleUpdateFlow"/>
   		<entry key="BULK_UPDATE_FLOW_NAME" value="ConfirmationBulkUpdateFlow"/>
        <entry key="SECURITY_PRINCIPAL" value="weblogic"/>
        <entry key="SECURITY_CREDENTIALS" value="weblogic"/>
    </map>
    </node>
    <node name="EmailFaxCommunication">
    <map>
    	<entry key="EmailFaxAttachmentPath" value="/bea103/user_projects/domains/cwmDomain/applications/owebGWTApp/data/upload/" />
    </map>
    </node>
    <node name = "OTCCollectionSize">
    <map>
        <entry key = "DefaultCollectionSize" value = "100"/>
        <entry key = "TableModelCollectionSize" value = "500"/>
    </map>
    </node>
		<node name = "CCS">      
	<map/>
		<node name = "SECURITYKEY">
		<map>
			<entry key = "SecurityKey" value = "I:/Workspace/owebdev/config/security.dat"/>
		</map>
		</node>
	
				<!--This is the JDBC Provider configuration root node--> 
		<node name = "JDBC">           
		<map/>   
			<node name="jdbc1">
			<map/>
			
				<!--This is the JDBC Factory Configuration--> 
				<!--JDBC Factory internally uses JDBC Driver--> 
				<node name = "JDBCFactory">    
				<map> 
					<!--Encrypt Password flag--> 
					<entry key="encryptPasswordFlag" value="true"/>

					<!--JDBC Factory implementation class name--> 
					<entry key = "implClassName" value = "com.citigroup.oasys.dbclient.OasysJDBCConnectionFactory"/> 

					<!--JDBC driver class name. JDBC Factory uses the driver to create--> 
					<!--new JDBC connections--> 
					<entry key = "driver" value = "com.sybase.jdbc3.jdbc.SybDriver"/> 

					<!--JDBC connection URL. Please see JDBC driver vendor documentation--> 
					<!--for more information on the URL--> 
					<!-- OATC_PROD_DS     150.110.117.162:7132 -->
					<!-- OATC_PROD_NY_DS  150.110.117.135:5090 -->   

<!-- Please keep the two fields synchronized -->
<!-- i.e. Name and IP address should match -->
<entry key = "url" value = "jdbc:sybase:Tds:swoatdb1u.nam.nsroot.net:19010"/>
<entry key = "DatabaseName" value = "OATC01_15_STG"/>

					<!--JDBC connection user ID--> 
					<entry key = "user" value = "OasysWebUser"/> 

					<!--JDBC connection password--> 
					<entry key = "password" value = "hyyCmK9Xf1fDHERajOnEJQ=="/> 
				</map>   
				</node>

				<!--This is the Connection Pool Configuration--> 
				<!--JDBC Connection Pool uses JDBC Factory to create the Connections--> 
				<!--when it populates the pool--> 
				<node name = "ConnectionPool">    
				<map> 
					<!--Connection Pool implementation class name--> 
					<entry key = "implClassName" value = "com.citi.cititech.eae.services.platform.jdbc.JDBCObjectPoolImpl"/> 

					<!--Connection Pool initial size. When the pool is created--> 
					<!--the number of JDBC connections defined by this configuration--> 
					<!--property is added to the pool. During the cleanup process--> 
					<!--the pool size is reduced to the initial pool size--> 
					<entry key = "initPoolSize" value = "50"/> 

					<!--Connection Pool maximum size. When no "unlocked" objects--> 
					<!--can be found in the pool the new object will be added to the--> 
					<!--pool till the pool reaches its maximum pool size--> 
					<entry key = "maxPoolSize" value = "150"/> 

					<!--Cleanup interval specifies how often the pool cleanup--> 
					<!--will  be performed. During the cleanup process the number--> 
					<!--of objects in the pool is brought back to the initial pool size.--> 
					<!--During cleanup process only "unlocked" objects are removed from--> 
					<!--the object pool. Cleanup interval is defined in milliseconds.--> 
					<entry key = "cleanupInterval" value = "3600000"/> 

					<!--Retry number defines how many attempts will be made to get--> 
					<!--an "unlocked" object from the object pool before --> 
					<!--ObjectPoolCapacityExceededException exception will be thrown to--> 
					<!--the caller in the case no "unlocked" object is currently--> 
					<!--available in the object pool--> 
					<entry key = "retryNumber" value = "5"/> 

					<!--Retry interval defines how long the object pool will wait between-->
					<!--the attempts to get an "unlocked" object from the object pool-->
					<!--before ObjectPoolCapacityExceededException exception will be--> 
					<!--thrown to the caller in the case no "unlocked" object is--> 
					<!--currently available in the object pool. The retry interval--> 
					<!--is defined in milliseconds--> 
					<entry key = "retryInterval" value = "2000"/> 
				</map>   
				</node>
			</node>
		</node>
		<node name="Images">
			<entry key="ImageFolder" value="/Images/" />
		</node>
		<node name="SiteMinder">
			<entry key="DefaultClientAddressString" value="123.123.123.123" />
			<entry key="DefaultServerIPAddress" value="SITEMINDERUAT01.NY.SSMB.COM" />
			<entry key="FailoverServerIPAddress" value="SITEMINDERUAT02.NY.SSMB.COM" />
			<entry key="ConnectionMin" value="1" />
			<entry key="ConnectionMax" value="1" />
			<entry key="ConnectionStep" value="1" />
			<entry key="Timeout" value="20" />
			<entry key="AuthorizationPort" value="44443" />
			<entry key="AuthenticationPort" value="44442" />
			<entry key="AccountingPort" value="44441" />
			<entry key="DefaultServerHostname" value="263-cbm-stg-auth" />
			<entry key="DefaultServerSharedSecret" value="sm!390" />
			<entry key="PResource" value="/" />
			<entry key="PAction" value="GET" />
		</node>
		<!--Messaging Service parameters-->
		<node name="Messaging">
		<map>
			<!--transport protocol-->
			<entry key="mail-protocol" value="smtp"/>

			<!--mail server-->
			<entry key="mail-server" value="mail.smtp.host"/>
			
			<!--mail host name-->
			<!--We connect to a mail hub using a virtual IP address. -->
			<!--This way the we will alternate between multiple mail servers -->
			<!--and thus provide resilience-->
			<entry key="mail-hostname" value="mailhub-vip.ny.ssmb.com"/>

			<!--Max Email Retry-->
			<entry key="maxRetry" value="20"/>

			<!--Retry Count-->
			<entry key="retryCount" value="3"/>

			<!--fax server-->
			<entry key="fax-hostname1" value="oatc-prod-pa3.nam.nsroot.net"/>

			<!--fax port-->
			<entry key="fax-port" value="6500"/>
		</map>
		</node>
		<!--PDFDocument parameters-->
		<node name="PDFDocument">
		<map>
			<!-- PDF Document Repository location -->
			<entry key="PDFDocumentPath" value="C:/bea103/user_projects/domains/owebdomain/autodeploy/oweb/oasys/data" />
			<!-- location of Citigroup Logo in jpg format -->
			<entry key="PDFCitigroupLogoJPG" value="C:/bea103/user_projects/domains/owebdomain/autodeploy/oweb/oasys/jsroot/PaymentAuthorizationForm/images/CitigroupLogo.jpg" />
			<!-- location of Citigroup Logo in gif format -->
			<entry key="PDFCitigroupLogoGIF" value="/jsroot/PaymentAuthorizationForm/images/CitigroupLogo.gif" />
		</map>
		</node>
	  	<!--Messaging Service parameters-->
		<node name="Documentation">
		<map>
			<!--Document temp path-->
			<entry key="DocumentPath" value="C:/bea103/user_projects/domains/cwmDomain/applications/owebGWTApp/data/temp/" />
			<!--image path-->
			<entry key="ImagePath" value="C:/bea103/user_projects/domains/owebdomain/autodeploy/oweb/oasys/jsroot/PaymentAuthorizationForm/images/" />
		</map>
		</node>
		<!--JMS specific properties--> 
		<node name ="MessageQueues">
			<!-- Properties used by providers implementing MessageService"-->
			<node name="ServiceProviders">
				<map>
					<!--<entry key="QUEUE_CONNECTION_FACTORY_JNDI_NAME" value="jms/jndi-QueueConnectionFactory"/>
					<entry key="TOPIC_CONNECTION_FACTORY_JNDI_NAME" value="jms/jndi-TopicConnectionFactory"/>-->
					<entry key="QUEUE_CONNECTION_FACTORY_JNDI_NAME" value="ScritturaQueueFactory"/>
					<!--<entry key="NAMING_FACTORY_NAME" value="jrun.naming.JRunContextFactory"/>-->
					<entry key="NAMING_FACTORY_NAME" value="weblogic.jndi.WLInitialContextFactory"/>
					<!--<entry key="PROVIDER_URL_NAME" value="162.124.216.82:32463"/>-->
					<entry key="PROVIDER_URL_NAME" value="iiop://150.110.51.146:7001/"/>
					<entry key="USER" value="admin"/>
					<entry key="PASSWORD" value="scrittura"/>
					<entry key="DEBUG" value="false"/>
				</map>
			</node>
			<!-- Properties used by clients implementing MessageClient"-->
			<node name="ServiceClients">
				<node name="com.citigroup.oasys.services.testcases.TestMessageSender">

					<node name="QUEUE">
						<map>
							<entry key="SENDER" value="scrittura_tickets"/>
							<!--<entry key="SENDER" value="jms/queue/testQueue"/>-->
						</map>	
					</node>
				</node>
				<node name="com.citigroup.oasys.services.testcases.TestMessageSynchronousReceiver">

					<node name="QUEUE">
						<map>
							<entry key="RECEIVER" value="jms/queue/testQueue"/>
						</map>
					</node>
				</node>
				<node name="com.citigroup.oasys.services.testcases.TestMessageAsynchronousReceiver">

					<node name="QUEUE">
						<map>
							<entry key="RECEIVER" value="oasysweb_status"/>
						</map>
					</node>
					<!--
					<node name="TOPIC">
						<map>
							<entry key="RECEIVER" value="oasysweb_status"/>
						</map>
					</node>
					-->
				</node>
				<node name="com.citigroup.oasys.applications.MessagePoster.MessagePoster">

					<node name="QUEUE">
						<map>
							<!--<entry key="SENDER" value="scrittura_tickets"/>-->
							<entry key="SENDER" value="jms/queue/testQueue"/>
						</map>	
					</node>
				</node>
			</node>		
		</node>
		<!--Other Configuration Parameters of the application -->
		<node name="Application">
			<!-- XML Parser Pool sizes -->
			<node name="XMLParserPool">
				<map>
					<!-- MinSize specifies minimum Parser instances that should exist.
						 This is the initial size of the pool. The pool manager always
						 try to bring down the number of instances to this count -->
					<entry key="MinSize" value="5"/>
					<!-- If number of concurrent requests exceed this limit,
						 requests will not be processed. This value can be increased run-time
						 to accomodate more concurrent requests. A value of 0 means no 
						 max limit -->
					<entry key="MaxSize" value="100"/>
				</map>
			</node>
		</node>
		<!--This node contains all pproerties specific to polled batch jobs-->
		<node name="PolledBatchProperties">
		  <node name="ListServices">
			<map>
				 <entry key="CODES_LOAD_MODE" value="LAZY"/>
			</map>
		  </node>
			<map>
				<!-- The interval used by a Polling Thread (specified in Seconds) to check for last updated--> 
				<!-- time of an batch job that implements the PolledBatchApplicationInterface. Used to close-->
				<!-- that have been inactive for more than this polling interval--> 
				<entry key="POLLING_INTERVAL" value="30"/>
			</map>
		</node>
	</node>
    <node name="Referrals">
		<map>
		<entry key="REFERRALS_URL" value="http://127.0.0.1:7001/jsroot/Referrals/html/Home.html"/>
		<entry key="REFERRALS_MAIL_XSLT_FILE" value="C:/bea103/user_projects/domains/owebdomain/autodeploy/oweb/oasys/data/config/xslt/referrals.xsl" />
		<entry key="REFERRALS_FROM_EMAIL" value="Confirms.Ops@imcnam.ssmb.com"/>
		</map>
	</node>
	<node name="FileUpload">
		<map>
		<entry key="FILEUPLOAD_UPLOAD_PATH" value="C:/bea103/user_projects/domains/owebdomain/autodeploy/oweb/oasys/data/upload" />
		<entry key="FILEUPLOAD_REPOSITORY_PATH" value="C:/bea103/user_projects/domains/owebdomain/autodeploy/oweb/oasys/data/upload/temp" />
		<entry key="BULK_UPDATE_DIR" value="/ftp/cwm/upload/BulkUpdate"/>
		<entry key="RESTRUCTURING_UPDATE_DIR" value="/ftp/cwm/upload/Restructuring"/>
		<entry key="FILEUPLOAD_SIZE_THRESHOLD" value="4096"/>
		<entry key="FILEUPLOAD_SIZE_MAX" value="5000000"/>
		</map>
	</node>
	<node name="ReportScheduler">
	<map>
		<entry key="REPORTS_UPLOAD_DIR" value="C:/bea103/user_projects/domains/owebdomain/autodeploy/oweb/oasys/data/upload/Reports" />
	</map>
	</node>
	<node name="PWMSClientEmail">
        <map>
                <entry key="EmailAttachmentPath" value="C:/tmp/PWMSClientEmail/Attachments/"/>
                <entry key="EmailBodyPath" value="C:/tmp/PWMSClientEmail/EmailBody/"/>
                <entry key="EmailBccList" value="ashwin.gupta@citi.com"/>		
        </map>
       </node>
	<node name = "WordEdit">
	<map>
	        <entry key = "OVERRIDE_TEMPLATE_HOST" value = "https://webswdcwlbn21s.nam.nsroot.net:22631"/>
	</map>
    	</node>
	<!-- Internal ack nack config start -->
	<node name="ThreadConfig">
          <map>
				<entry key="corePoolSize" value="3"/>
				<entry key="maxPoolSize" value="3"/>
				<entry key="keepAliveTime" value="500"/>
				<entry key="sleepTime" value="10000"/>
          </map>
	</node>
	<node name="InternalAckNackMessagePoster">
			<node name="SDR.INT.ACK.NACK.RIO.POSTER">
				<map>
					<entry key="QUEUE_CONNECTION_FACTORY_JNDI_NAME" value="FTTopicConnectionFactory" />
					<entry key="NAMING_FACTORY_NAME" value="com.tibco.tibjms.naming.TibjmsInitialContextFactory" />
					<entry key="PROVIDER_URL_NAME" value="eqtmsqa2.nam.nsroot.net:7055" />
					<entry key="TOPIC_NAME" value="UAT.US.INT.ACKNACK" />
					<entry key="SECURITY_PRINCIPAL" value="OASYS" />
					<entry key="SECURITY_CREDENTIALS" value="OasysUser12!" />
				</map>
			</node>
			<node name="RIO.USTPS.INT.ACKNACK">
				<map>
						<entry key="QUEUE_CONNECTION_FACTORY_JNDI_NAME" value="FTTopicConnectionFactory"/>
						<entry key="NAMING_FACTORY_NAME" value="com.tibco.tibjms.naming.TibjmsInitialContextFactory"/>
						<entry key="PROVIDER_URL_NAME" value="eqtmsqa2.nam.nsroot.net:7055" />
						<entry key="TOPIC_NAME" value="UAT.RIO.USTPS.INT.ACKNACK"/>
						<entry key="SECURITY_PRINCIPAL" value="OASYS"/>
						<entry key="SECURITY_CREDENTIALS" value="OasysUser12!"/>
						<entry key="MESSAGE_ENTERED_BY" value="SDR_RIO_RECEIVER"/>
					</map>
			</node>
			<node name="RIO.USITICKET.INT.ACKNACK">
					<map>
						<entry key="QUEUE_CONNECTION_FACTORY_JNDI_NAME" value="FTTopicConnectionFactory"/>
						<entry key="NAMING_FACTORY_NAME" value="com.tibco.tibjms.naming.TibjmsInitialContextFactory"/>
						<entry key="PROVIDER_URL_NAME" value="eqtmsqa2.nam.nsroot.net:7055" />
						<entry key="TOPIC_NAME" value="UAT.RIO.USITICKET.INT.ACKNACK"/>
						<entry key="SECURITY_PRINCIPAL" value="OASYS"/>
						<entry key="SECURITY_CREDENTIALS" value="OasysUser12!"/>
						<entry key="MESSAGE_ENTERED_BY" value="SDR_RIOITICKET_RECEIVER"/>
					</map>
			</node>
			<node name="US.EQDSTP.TO.RIO.INT.ACKNACK">
					<map>
						<entry key="QUEUE_CONNECTION_FACTORY_JNDI_NAME" value="FTTopicConnectionFactory"/>
						<entry key="NAMING_FACTORY_NAME" value="com.tibco.tibjms.naming.TibjmsInitialContextFactory"/>
						<entry key="PROVIDER_URL_NAME" value="eqtmsqa2.nam.nsroot.net:7055" />
						<entry key="TOPIC_NAME" value="UAT.US.EQDSTP.TO.RIO.INT.ACKNACK"/>
						<entry key="SECURITY_PRINCIPAL" value="OASYS"/>
						<entry key="SECURITY_CREDENTIALS" value="OasysUser12!"/>
						<entry key="MESSAGE_ENTERED_BY" value="SDR_RIOEQDSTP_RECEIVER"/>
					</map>
			</node>
			<node name="US.OPENLINK.TO.RIO.INT.ACKNACK">
					<map>
						<entry key="QUEUE_CONNECTION_FACTORY_JNDI_NAME" value="FTTopicConnectionFactory"/>
						<entry key="NAMING_FACTORY_NAME" value="com.tibco.tibjms.naming.TibjmsInitialContextFactory"/>
						<entry key="PROVIDER_URL_NAME" value="eqtmsqa2.nam.nsroot.net:7055" />
						<entry key="TOPIC_NAME" value="UAT.US.OPENLINK.TO.RIO.INT.ACKNACK"/>
						<entry key="SECURITY_PRINCIPAL" value="OASYS"/>
						<entry key="SECURITY_CREDENTIALS" value="OasysUser12!"/>
						<entry key="MESSAGE_ENTERED_BY" value="SDR_RIOOPENLINK_RECEIVER"/>
					</map>
			</node>
			<node name="US.FXFP.TO.RIO.INT.ACKNACK">
					<map>
						<entry key="QUEUE_CONNECTION_FACTORY_JNDI_NAME" value="FTTopicConnectionFactory"/>
						<entry key="NAMING_FACTORY_NAME" value="com.tibco.tibjms.naming.TibjmsInitialContextFactory"/>
						<entry key="PROVIDER_URL_NAME" value="eqtmsqa2.nam.nsroot.net:7055" />
						<entry key="TOPIC_NAME" value="UAT.US.FXFP.TO.RIO.INT.ACKNACK"/>
						<entry key="SECURITY_PRINCIPAL" value="OASYS"/>
						<entry key="SECURITY_CREDENTIALS" value="OasysUser12!"/>
						<entry key="MESSAGE_ENTERED_BY" value="SDR_RIOFXFP1_RECEIVER,SDR_RIOFXFP2_RECEIVER,SDR_RIOFXFP3_RECEIVER,SDR_RIOFXFP4_RECEIVER,SDR_RIOFXFP5_RECEIVER,SDR_RIOFXFP6_RECEIVER,SDR_RIOFXFP7_RECEIVER,SDR_RIOFXFP8_RECEIVER,SDR_RIOFXFP9_RECEIVER,SDR_RIOFXFP10_RECEIVER"/>
					</map>
			</node>
			<node name="UK.FOX.TO.RIO.INT.ACKNACK">
					<map>
						<entry key="QUEUE_CONNECTION_FACTORY_JNDI_NAME" value="FTTopicConnectionFactory"/>
						<entry key="NAMING_FACTORY_NAME" value="com.tibco.tibjms.naming.TibjmsInitialContextFactory"/>
						<entry key="PROVIDER_URL_NAME" value="eqtmsqa2.nam.nsroot.net:7055" />
						<entry key="TOPIC_NAME" value="UAT.UK.FOX.TO.RIO.INT.ACKNACK"/>
						<entry key="SECURITY_PRINCIPAL" value="OASYS"/>
						<entry key="SECURITY_CREDENTIALS" value="OasysUser12!"/>
						<entry key="MESSAGE_ENTERED_BY" value="SDR_RIOFXOPT_RECEIVER"/>
					</map>
			</node>
			<node name="US.FATE.TO.RIO.INT.ACKNACK">
					<map>
						<entry key="QUEUE_CONNECTION_FACTORY_JNDI_NAME" value="FTTopicConnectionFactory"/>
						<entry key="NAMING_FACTORY_NAME" value="com.tibco.tibjms.naming.TibjmsInitialContextFactory"/>
						<entry key="PROVIDER_URL_NAME" value="eqtmsqa2.nam.nsroot.net:7055" />
						<entry key="TOPIC_NAME" value="UAT.US.FATE.TO.RIO.INT.ACKNACK"/>
						<entry key="SECURITY_PRINCIPAL" value="OASYS"/>
						<entry key="SECURITY_CREDENTIALS" value="OasysUser12!"/>
						<entry key="MESSAGE_ENTERED_BY" value="SDR_RIOFXFATE_RECEIVER"/>
					</map>
			</node>
			<node name="US.CMSFXO.TO.RIO.INT.ACKNACK">
					<map>
						<entry key="QUEUE_CONNECTION_FACTORY_JNDI_NAME" value="FTTopicConnectionFactory"/>
						<entry key="NAMING_FACTORY_NAME" value="com.tibco.tibjms.naming.TibjmsInitialContextFactory"/>
						<entry key="PROVIDER_URL_NAME" value="eqtmsqa2.nam.nsroot.net:7055" />
						<entry key="TOPIC_NAME" value="UAT.US.CMSFXO.TO.RIO.INT.ACKNACK"/>
						<entry key="SECURITY_PRINCIPAL" value="OASYS"/>
						<entry key="SECURITY_CREDENTIALS" value="OasysUser12!"/>
						<entry key="MESSAGE_ENTERED_BY" value="SDR_RIOFXCMSFXO_RECEIVER"/>
					</map>
			</node>
			<node name="US.CMSRPC.TO.RIO.INT.ACKNACK">
					<map>
						<entry key="QUEUE_CONNECTION_FACTORY_JNDI_NAME" value="FTTopicConnectionFactory"/>
						<entry key="NAMING_FACTORY_NAME" value="com.tibco.tibjms.naming.TibjmsInitialContextFactory"/>
						<entry key="PROVIDER_URL_NAME" value="eqtmsqa2.nam.nsroot.net:7055" />
						<entry key="TOPIC_NAME" value="UAT.US.CMSRPC.TO.RIO.INT.ACKNACK"/>
						<entry key="SECURITY_PRINCIPAL" value="OASYS"/>
						<entry key="SECURITY_CREDENTIALS" value="OasysUser12!"/>
						<entry key="MESSAGE_ENTERED_BY" value="SDR_RIOFXCMSRPC_RECEIVER"/>
					</map>
			</node>
			<node name="UK.FXMM.TO.RIO.INT.ACKNACK">
					<map>
						<entry key="QUEUE_CONNECTION_FACTORY_JNDI_NAME" value="FTTopicConnectionFactory"/>
						<entry key="NAMING_FACTORY_NAME" value="com.tibco.tibjms.naming.TibjmsInitialContextFactory"/>
						<entry key="PROVIDER_URL_NAME" value="eqtmsqa2.nam.nsroot.net:7055" />
						<entry key="TOPIC_NAME" value="UAT.UK.FXMM.TO.RIO.INT.ACKNACK"/>
						<entry key="SECURITY_PRINCIPAL" value="OASYS"/>
						<entry key="SECURITY_CREDENTIALS" value="OasysUser12!"/>
						<entry key="MESSAGE_ENTERED_BY" value="SDR_RIOFXMM_RECEIVER"/>
					</map>
			</node>
			<node name="US.PFS.Trade.INT.ACKNACK">
					<map>
						<entry key="QUEUE_CONNECTION_FACTORY_JNDI_NAME" value="FTTopicConnectionFactory"/>
						<entry key="NAMING_FACTORY_NAME" value="com.tibco.tibjms.naming.TibjmsInitialContextFactory"/>
						<entry key="PROVIDER_URL_NAME" value="eqtmsqa2.nam.nsroot.net:7055" />
						<entry key="TOPIC_NAME" value="UAT.US.PFS.Trade.INT.ACKNACK"/>
						<entry key="SECURITY_PRINCIPAL" value="OASYS"/>
						<entry key="SECURITY_CREDENTIALS" value="OasysUser12!"/>
						<entry key="MESSAGE_ENTERED_BY" value="SDR_RIOPFS_RECEIVER"/>
					</map>
			</node>
	</node>
	<!-- Internal ack nack config end -->
</root>
</preferences>
