<?xml version="1.0" encoding="UTF-8"?>
<!-- <!DOCTYPE preferences SYSTEM 'preferences.dtd'> -->
<preferences EXTERNAL_XML_VERSION="1.0">
<root type = "system">    
	<map/>
    <node name = "SybaseConnection">
    <map>
        <entry key = "UseDataSourceFlag" value = "NO"/>
        <entry key = "DataSourceName" value = "SybaseDataSource"/>
        <entry key = "ProviderURL" value = "t3://127.0.0.1:7001"/>
    </map>
    </node>
	
   <!-- <node name = "OracleConnection">
    <map>
        <entry key = "UseDataSourceFlag" value = "NO"/>
        <entry key = "UsePropertyFileFlag" value = "YES"/>
		<entry key = "DatabaseName" value = "DOCS"/>
        <entry key = "PropertyFileName" value = "C:/config/oracle.properties"/>
        <entry key = "DataSourceName" value = "OracleDataSource"/>
        <entry key = "ProviderURL" value = "t3://127.0.0.1:8070"/>
    </map>
    </node>-->
    <node name="CPLJMSConnection">	
    <map>
        <entry key="INITIAL_CONTEXT_FACTORY" value="weblogic.jndi.WLInitialContextFactory"/>
        <entry key="PROVIDER_URL_NAME" value="t3://localhost:8070"/>
        <entry key="CONNECTION_FACTORY_NAME" value="jms/CPLJMSConnectionFactory"/>
        <entry key="QUEUE_NAME" value="jms/CPLWorkflowQueue"/>
        <entry key="FLOW_NAME" value="Transformation"/>
		<entry key="TRANSFORMATION_FLOW_NAME" value="Transformation"/>
   		<entry key="RULE_UPDATE_FLOW_NAME" value="BusinessRuleUpdateFlow"/>
   		<entry key="BULK_UPDATE_FLOW_NAME" value="ConfirmationBulkUpdateFlow"/>
        <entry key="SECURITY_PRINCIPAL" value="weblogic"/>
        <entry key="SECURITY_CREDENTIALS" value="weblogic"/>
    </map>
    </node>
    <node name="EmailFaxCommunication">
    <map>
    	<entry key="EmailFaxAttachmentPath" value="C:/bea103/user_projects/domains/cwmDomain/applications/OasysWebApps/data/upload/" />
    </map>
    </node>
    <node name = "OTCCollectionSize">
    <map>
        <entry key = "DefaultCollectionSize" value = "100"/>
        <entry key = "TableModelCollectionSize" value = "500"/>
    </map>
    </node>
	<node name = "CCS">      
	<map/>
		<node name = "SECURITYKEY">
		<map>
			<entry key = "SecurityKey" value = "c:/config/security.dat"/>
		</map>
		</node>
		<!--This is the JDBC Provider configuration root node--> 
		<node name = "JDBC">           
		<map/>   
			<node name="jdbc1">
			<map/>
				<!--This is the JDBC Factory Configuration--> 
				<!--JDBC Factory internally uses JDBC Driver--> 
				<node name = "JDBCFactory">    
				<map> 
					<!--Encrypt Password flag--> 
					<entry key="encryptPasswordFlag" value="false"/>
					<!--JDBC Factory implementation class name--> 
					<entry key = "implClassName" value = "com.citi.cititech.eae.services.platform.jdbc.JDBCConnectionFactoryImpl"/> 
					<!--JDBC driver class name. JDBC Factory uses the driver to create--> 
					<!--new JDBC connections--> 
					<entry key = "driver" value = "com.sybase.jdbc3.jdbc.SybDriver"/> 
					<!--JDBC connection URL. Please see JDBC driver vendor documentation--> 
					<!--for more information on the URL--> 
					<!-- OATC_PROD_NY_DS  150.110.117.135:5090 -->   
					<!-- OATC12_STGE      gcgswu-oatd05.nam.nsroot.net:16220 -->
                    <!-- Please keep the two fields synchronized -->
					<!-- i.e. Name and IP address should match -->
          <entry key = "url" value = "jdbc:sybase:Tds:swoatdb1d.nam.nsroot.net:18060"/>
          <entry key = "DatabaseName" value = "OATC06_15_DEV"/>
					<!--JDBC connection user ID--> 
					<entry key = "user" value = "isqlUser"/> 
					<!--JDBC connection password--> 
					<entry key = "password" value = "isq1User"/> 
				</map>
				</node>
				<!--This is the Connection Pool Configuration--> 
				<!--JDBC Connection Pool uses JDBC Factory to create the Connections--> 
				<!--when it populates the pool--> 
				<node name = "ConnectionPool">    
				<map> 
					<!--Connection Pool implementation class name--> 
					<entry key = "implClassName" value = "com.citi.cititech.eae.services.platform.jdbc.JDBCObjectPoolImpl"/> 
					<!--Connection Pool initial size. When the pool is created--> 
					<!--the number of JDBC connections defined by this configuration--> 
					<!--property is added to the pool. During the cleanup process--> 
					<!--the pool size is reduced to the initial pool size--> 
					<entry key = "initPoolSize" value = "50"/> 
					<!--Connection Pool maximum size. When no "unlocked" objects--> 
					<!--can be found in the pool the new object will be added to the--> 
					<!--pool till the pool reaches its maximum pool size--> 
					<entry key = "maxPoolSize" value = "150"/> 
					<!--Cleanup interval specifies how often the pool cleanup--> 
					<!--will  be performed. During the cleanup process the number--> 
					<!--of objects in the pool is brought back to the initial pool size.--> 
					<!--During cleanup process only "unlocked" objects are removed from--> 
					<!--the object pool. Cleanup interval is defined in milliseconds.--> 
					<entry key = "cleanupInterval" value = "3600000"/> 
					<!--Retry number defines how many attempts will be made to get--> 
					<!--an "unlocked" object from the object pool before --> 
					<!--ObjectPoolCapacityExceededException exception will be thrown to--> 
					<!--the caller in the case no "unlocked" object is currently--> 
					<!--available in the object pool--> 
					<entry key = "retryNumber" value = "5"/> 
					<!--Retry interval defines how long the object pool will wait between-->
					<!--the attempts to get an "unlocked" object from the object pool-->
					<!--before ObjectPoolCapacityExceededException exception will be--> 
					<!--thrown to the caller in the case no "unlocked" object is--> 
					<!--currently available in the object pool. The retry interval--> 
					<!--is defined in milliseconds--> 
					<entry key = "retryInterval" value = "2000"/> 
				</map>   
				</node>
			</node>
		</node>
		<node name="Images">
			<entry key="ImageFolder" value="/Images/" />
		</node>
		<node name="SiteMinder">
			<entry key="DefaultClientAddressString" value="123.123.123.123" />
			<entry key="DefaultServerIPAddress" value="SITEMINDERUAT01.NY.SSMB.COM" />
			<entry key="FailoverServerIPAddress" value="SITEMINDERUAT02.NY.SSMB.COM" />
			<entry key="ConnectionMin" value="1" />
			<entry key="ConnectionMax" value="1" />
			<entry key="ConnectionStep" value="1" />
			<entry key="Timeout" value="20" />
			<entry key="AuthorizationPort" value="44443" />
			<entry key="AuthenticationPort" value="44442" />
			<entry key="AccountingPort" value="44441" />
			<entry key="DefaultServerHostname" value="263-cbm-stg-auth" />
			<entry key="DefaultServerSharedSecret" value="sm!390" />
			<entry key="PResource" value="/" />
			<entry key="PAction" value="GET" />
		</node>
		<!--Messaging Service parameters-->
		<node name="Messaging">
		<map>
			<!--transport protocol-->
			<entry key="mail-protocol" value="smtp"/>

			<!--mail server-->
			<entry key="mail-server" value="mail.smtp.host"/>
			<!--<entry key="mail-server" value="localhost"/>-->
			
			<!--mail host name-->
			<!--We connect to a mail hub using a virtual IP address. -->
			<!--This way the we will alternate between multiple mail servers -->
			<!--and thus provide resilience-->
			<entry key="mail-hostname" value="mailhub-vip.ny.ssmb.com"/>
			<!--<entry key="mail-hostname" value="localhost"/>-->

			<!--Max Email Retry-->
			<entry key="maxRetry" value="20"/>

			<!--Retry Count-->
			<entry key="retryCount" value="3"/>

			<!--fax server-->
			<entry key="fax-hostname1" value="oatc-prod-pa3.nam.nsroot.net"/>

			<!--fax port-->
			<entry key="fax-port" value="6500"/>
			
			<entry key="to-address" value="sourabh.dubey@citi.com"/>
			<entry key="EmailFaxSendToUser" values="TRUE"/>
		</map>
		</node>
		<!--PDFDocument parameters-->
		<node name="PDFDocument">
		<map>
			<!-- PDF Document Repository location -->
			<entry key="PDFDocumentPath" value="C:/bea103/user_projects/domains/owebdomain/autodeploy/oweb/oasys/data" />
			<!-- location of Citigroup Logo in jpg format -->
			<entry key="PDFCitigroupLogoJPG" value="C:/bea103/user_projects/domains/owebdomain/autodeploy/oweb/oasys/jsroot/PaymentAuthorizationForm/images/CitigroupLogo.jpg" />
			<!-- location of Citigroup Logo in gif format -->
			<entry key="PDFCitigroupLogoGIF" value="/jsroot/PaymentAuthorizationForm/images/CitigroupLogo.gif" />
			<entry key="FPA_NOTICE_PDF_DIR" value="C:/ftp/pdfNoticeFPA/" />
		</map>
		</node>
	  	<!--Messaging Service parameters-->
		<node name="Documentation">
		<map>
			<!--Document temp path-->
			<entry key="DocumentPath" value="C:/Data/temp/" />
			<!--image path-->
			<entry key="ImagePath" value="C:/bea103/user_projects/domains/owebdomain/autodeploy/oweb/oasys/jsroot/PaymentAuthorizationForm/images/" />
		</map>
		</node>
		<!--JMS specific properties--> 
		<node name ="MessageQueues">
			<!-- Properties used by providers implementing MessageService"-->
			<node name="ServiceProviders">
			  <map>
				<entry key="DELIMITER" value="@@"/>
				<entry key="DEBUG" value="false"/>
			  </map>
			  <node name="scrittura">
				<map>
				  <entry key="QUEUE_CONNECTION_FACTORY_JNDI_NAME" value="ScritturaQueueFactory"/>
				  <entry key="NAMING_FACTORY_NAME" value="weblogic.jndi.WLInitialContextFactory"/>
				  <entry key="PROVIDER_URL_NAME" value="t3://webswdcwlbn21s.nam.nsroot.net:27918"/>
				  <entry key="USER" value="admin"/>
				  <entry key="PASSWORD" value="scrittura"/>
				  <entry key="USE_JNDI" value="true"/>
				  <entry key="SUPRESS_HEADER" value="false"/>
				</map>
			  </node>
			  <node name="oasysweb">
				<map>
				  <entry key="QUEUE_CONNECTION_FACTORY_JNDI_NAME" value="jms/jndi-QueueConnectionFactory"/>
				  <entry key="TOPIC_CONNECTION_FACTORY_JNDI_NAME" value="jms/jndi-TopicConnectionFactory"/>
				  <entry key="NAMING_FACTORY_NAME" value="jrun.naming.JRunContextFactory"/>
				  <entry key="PROVIDER_URL_NAME" value="162.124.216.82:32463"/>
				  <entry key="USE_JNDI" value="true"/>
				  <entry key="SUPRESS_HEADER" value="false"/>
				</map>
			  </node>
			  <node name="brazilmq">
				<map>
				  <entry key="QUEUE_CONNECTION_MANAGER_NAME" value="OASYS_QM.DV"/>
				  <entry key="QUEUE_CONNECTION_FACTORY_NAME" value="com.ibm.mq.jms.MQQueueConnectionFactory"/>
				  <entry key="PROVIDER_URL_NAME" value="169.185.156.53:1514"/>
				  <entry key="USE_JNDI" value="false"/>
				  <entry key="SUPRESS_HEADER" value="true"/>
				</map>
			  </node>
			  <node name="cmxmq">
				<map>
				  <entry key="QUEUE_CONNECTION_MANAGER_NAME" value="OASYS_QM.DV"/>
				  <entry key="QUEUE_CONNECTION_FACTORY_NAME" value="com.ibm.mq.jms.MQQueueConnectionFactory"/>
				  <entry key="PROVIDER_URL_NAME" value="169.193.8.10:1514"/>
				  <entry key="USE_JNDI" value="false"/>
				  <entry key="SUPRESS_HEADER" value="true"/>
				</map>
			  </node>
			  <node name="brazilnativemq">
				<map>
				  <entry key="QUEUE_CONNECTION_MANAGER_NAME" value="OASYS_QM.DV"/>
				  <entry key="QUEUE_CONNECTION_FACTORY_NAME" value="com.ibm.mq.jms.MQQueueConnectionFactory"/>
				  <entry key="PROVIDER_URL_NAME" value="169.185.156.53:1514"/>
				  <entry key="USE_JNDI" value="false"/>
				  <entry key="SUPRESS_HEADER" value="true"/>
				  <entry key="USE_NATIVE_CODE" value="true"/>
				</map>
			  </node>
			  <node name="esales">
				<map>
				  <!-- actual name of the  factory -->
				  <entry key="TOPIC_CONNECTION_FACTORY_JNDI_NAME" value="cn=Esales_TCF"/>
				  <!-- class that does LDAP lookups -->
				  <entry key="NAMING_FACTORY_NAME" value="com.sun.jndi.ldap.LdapCtxFactory"/>
				  <entry key="PROVIDER_URL_NAME" value="ldap://eqzldnj1.nj.ssmb.com:389/cn=EQUITY.ZEUS_QM2,cn=eqznj36,ou=JMS,ou=Resources,cn=Equity\20Zeus,ou=Applications,o=citigroup,c=us"/>
				  <entry key="USE_JNDI" value="true"/>
				  <entry key="SUPRESS_HEADER" value="false"/>
				</map>
			  </node>
			  <node name="dtccmqs">
				<map>
				  <entry key="QUEUE_CONNECTION_MANAGER_NAME" value="OASYS_QM.DV"/>
				  <entry key="QUEUE_CONNECTION_FACTORY_NAME" value="com.ibm.mq.jms.MQQueueConnectionFactory"/>
				  <entry key="PROVIDER_URL_NAME" value="gcgswd-oatd04.nam.nsroot.net:1514"/>
				  <entry key="USE_JNDI" value="false"/>
				  <entry key="SUPRESS_HEADER" value="true"/>
				  <entry key="USE_NATIVE_CODE" value="true"/>
				  <!-- <entry key="REMOTE_CHANNEL" value="SDR.SVRCONN"/> -->
				</map>
			  </node>
			  <node name="sdrdtccmqs">
				<map>
				  <entry key="QUEUE_CONNECTION_MANAGER_NAME" value="OASYS_QM.DV"/>
				  <entry key="QUEUE_CONNECTION_FACTORY_NAME" value="com.ibm.mq.jms.MQQueueConnectionFactory"/>
				  <entry key="PROVIDER_URL_NAME" value="gcgswd-oatd04.nam.nsroot.net:1514"/>
				  <entry key="USE_JNDI" value="false"/>
				  <entry key="SUPRESS_HEADER" value="true"/>
				  <entry key="USE_NATIVE_CODE" value="true"/>
				  <entry key="REMOTE_CHANNEL" value="SDR.SVRCONN"/>
				</map>
			  </node>			  
			  <node name="dtccmqr">
				<map>
				  <entry key="QUEUE_CONNECTION_MANAGER_NAME" value="OASYS_QM.DV"/>
				  <entry key="QUEUE_CONNECTION_FACTORY_NAME" value="com.ibm.mq.jms.MQQueueConnectionFactory"/>
				  <entry key="PROVIDER_URL_NAME" value="169.185.156.53:1514"/>
				  <entry key="USE_JNDI" value="false"/>
				  <entry key="SUPRESS_HEADER" value="true"/>
				</map>
			  </node>
			  <node name="sdrdtccmqr">
				<map>
				  <entry key="QUEUE_CONNECTION_MANAGER_NAME" value="OASYS_QM.DV"/>
				  <entry key="QUEUE_CONNECTION_FACTORY_NAME" value="com.ibm.mq.jms.MQQueueConnectionFactory"/>
				  <entry key="PROVIDER_URL_NAME" value="gcgswd-oatd04.nam.nsroot.net:1514"/>
				  <entry key="USE_JNDI" value="false"/>
				  <entry key="SUPRESS_HEADER" value="true"/>
				  <entry key="REMOTE_CHANNEL" value="SDR.SVRCONN"/>
				</map>
			  </node>
			  <node name="tpsstpems">
				<map>
				  <entry key="QUEUE_CONNECTION_FACTORY_JNDI_NAME" value="TPSQueueConnectionFactory"/>
				  <entry key="NAMING_FACTORY_NAME" value="com.tibco.tibjms.naming.TibjmsInitialContextFactory"/>
				  <entry key="PROVIDER_URL_NAME" value="tibjmsnaming://tpslnx1u.nam.nsroot.net:6403"/>
				  <entry key="USE_JNDI" value="true"/>
				  <entry key="SUPRESS_HEADER" value="false"/>
				</map>
			  </node>
			</node>			
			<!-- Properties used by clients implementing MessageClient"-->
			<node name="ServiceClients">
				<node name="com.citigroup.oasys.services.testcases.TestMessageSender">

					<node name="QUEUE">
						<map>
							<entry key="SENDER" value="scrittura_tickets"/>
							<!--<entry key="SENDER" value="jms/queue/testQueue"/>-->
						</map>	
					</node>
				</node>
				<node name="com.citigroup.oasys.services.testcases.TestMessageSynchronousReceiver">

					<node name="QUEUE">
						<map>
							<entry key="RECEIVER" value="jms/queue/testQueue"/>
						</map>
					</node>
				</node>
				<node name="com.citigroup.oasys.services.testcases.TestMessageAsynchronousReceiver">

					<node name="QUEUE">
						<map>
							<entry key="RECEIVER" value="oasysweb_status"/>
						</map>
					</node>
					<!--
					<node name="TOPIC">
						<map>
							<entry key="RECEIVER" value="oasysweb_status"/>
						</map>
					</node>
					-->
				</node>
				<node name="com.citigroup.oasys.applications.MessagePoster.MessagePoster">

					<node name="QUEUE">
						<map>
							<!--<entry key="SENDER" value="scrittura_tickets"/>-->
							<entry key="SENDER" value="jms/queue/testQueue"/>
						</map>	
					</node>
				</node>
				
			  <node name="com.citigroup.oasys.applications.SDRDTCCPoster.SDRDTCCRatesPriorityPoster">
				<node name="QUEUE">
				  <map>
					<!--<entry key="SENDER" value="jms/queue/testQueue@@oasysweb::OASYS.DTCC.CONFIRM.REMOTE@@dtccmqs"/>-->
					<!--<entry key="SENDER" value="jms/queue/testQueue@@oasysweb::OASYS.SDR.COMMODITY.REMOTE@@dtccmqs"/>-->
					<!--<entry key="SENDER" value="jms/queue/testQueue@@oasysweb::OASYS.SDR.CREDITS.REMOTE@@dtccmqs"/>-->
					<!--<entry key="SENDER" value="jms/queue/testQueue@@oasysweb::OASYS.SDR.EQUITY.REMOTE@@dtccmqs"/>-->
					<!--<entry key="SENDER" value="jms/queue/testQueue@@oasysweb::OASYS.SDR.FX.REMOTE@@dtccmqs"/>-->
					<entry key="SENDER" value="jms/queue/testQueue@@oasysweb::OASYS.SDR.RATES.REMOTE@@sdrdtccmqs"/>
					</map>
				</node>
			  </node>
			  
            <node name="com.citigroup.oasys.applications.SDRDTCCReceiver.SDRDTCCRatesReceiver">
            <node name="QUEUE">
              <map>
                <!--<entry key="RECEIVER" value="jms/queue/testQueue@@oasysweb::DTCC.OASYS.CONFIRM.LISTEN@@dtccmqr"/>-->
                <!--<entry key="RECEIVER" value="jms/queue/testQueue@@oasysweb::SDR.OASYS.COMMODITY.LISTEN@@dtccmqr"/>-->
                <!--<entry key="RECEIVER" value="jms/queue/testQueue@@oasysweb::SDR.OASYS.CREDITS.LISTEN@@dtccmqr"/>-->
                <!--<entry key="RECEIVER" value="jms/queue/testQueue@@oasysweb::SDR.OASYS.EQUITY.LISTEN@@dtccmqr"/>-->
                <!--<entry key="RECEIVER" value="jms/queue/testQueue@@oasysweb::SDR.OASYS.FX.LISTEN@@dtccmqr"/>-->
                <entry key="RECEIVER" value="jms/queue/testQueue@@oasysweb::SDR.OASYS.RATES.LISTEN@@sdrdtccmqr"/>
              </map>
            </node>
          </node>			
			
          <node name="com.citigroup.oasys.applications.MessagePoster.GenericMessagePoster">
            <node name="TOPIC">
              <map>
                <entry key="RECEIVER" value="jms/topic/testTopic@@oasysweb"/>
              </map>
            </node>
            <node name="QUEUE">
              <map>
                <entry key="SENDER" value="jms/queue/testQueue@@oasysweb::
													   SYSTEM.DEFAULT.LOCAL.QUEUE@@brazilmq::
													   OASYS.TCL.REMOTE@@brazilmq::
													   OASYS.BWSPB_TED.REMOTE@@brazilmq::
													   OASYS.GAC.REMOTE@@brazilnativemq::
													   OASYS.TCL.CLIENT.REMOTE@@brazilmq::
													   OASYS.CMX.NY.LISTEN@@cmxmq::
													   OASYS.CMX.NY.PMT.LISTEN@@cmxmq::
													   OASYS.BWSPB_BWC.REMOTE@@brazilmq::
													   OASYS.DTCC.PYMT.REMOTE@@dtccmqs::
													   dtcc.novation.consent.request.queue@@tpsstpems::
													   OASYS.SDR.CREDITS.REMOTE@@sdrdtccmqs::
													   OASYS.SDR.CREDITS.NP.REMOTE@@sdrdtccmqs::
														OASYS.SDR.RATES.REMOTE@@sdrdtccmqs::
														OASYS.SDR.RATES.NP.REMOTE@@sdrdtccmqs::
														OASYS.SDR.FX.REMOTE@@sdrdtccmqs::
														OASYS.SDR.FX.NP.REMOTE@@sdrdtccmqs::
														OASYS.SDR.EQUITY.REMOTE@@sdrdtccmqs::
														OASYS.SDR.EQUITY.NP.REMOTE@@sdrdtccmqs::
														OASYS.SDR.COMMODITY.REMOTE@@sdrdtccmqs::
														OASYS.SDR.COMMODITY.NP.REMOTE@@sdrdtccmqs::
														OASYS.DTCC.CONFIRM.REMOTE@@dtccmqs"/>
                <entry key="RECEIVER" value="TCL.OASYS.LISTEN@@brazilmq::
													   OASYS.TCL.BR.LISTEN@@brazilmq::
													   BWSPB_TED.OASYS.LISTEN@@brazilmq::
													   GAC.OASYS.LISTEN@@brazilmq::
													   TCL.OASYS.CLIENT.LISTEN@@brazilmq::
													   dtcc.novation.consent.response.queue@@tpsstpems::
													   BWSPB_BWC.OASYS.LISTEN@@brazilmq"/>
              </map>
            </node>
          </node>
		  
          <node name="com.citigroup.oasys.applications.MessageReceiver.GenericMessageReceiver">
            <node name="TOPIC">
              <map>
                <entry key="SENDER" value="jms/topic/testTopic@@oasysweb"/>
              </map>
            </node>
            <node name="QUEUE">
              <map>
                <entry key="RECEIVER" value="jms/queue/testQueue@@oasysweb::
													   SYSTEM.DEFAULT.LOCAL.QUEUE@@brazilmq:: 
													   OASYS.TCL.REMOTE@@brazilmq::
													   OASYS.BWSPB_TED.REMOTE@@brazilmq::
													   OASYS.GAC.REMOTE@@brazilmq::
													   CMX.OASYS.NY.LISTEN@@cmxmq::
													   CMX.OASYS.NY.PMT.LISTEN@@cmxmq::
													   OASYS.BWSPB_BWC.REMOTE@@brazilmq::
													   DTCC.OASYS.PYMT.LISTEN@@dtccmqr::
													    SDR.OASYS.CREDITS.LISTEN@@sdrdtccmqr::
													    SDR.OASYS.RATES.LISTEN@@sdrdtccmqr::
														SDR.OASYS.FX.LISTEN@@sdrdtccmqr::
														SDR.OASYS.EQUITY.LISTEN@@sdrdtccmqr::
														SDR.OASYS.COMMODITY.LISTEN@@sdrdtccmqr::
													   DTCC.OASYS.CONFIRM.LISTEN@@sdrdtccmqr"/>
                <entry key="SENDER" value="TCL.OASYS.LISTEN@@brazilmq::
													   OASYS.TCL.BR.LISTEN@@brazilmq::
													   BWSPB_TED.OASYS.LISTEN@@brazilmq::
													   GAC.OASYS.LISTEN@@brazilmq::
													   BWSPB_BWC.OASYS.LISTEN@@brazilmq"/>
              </map>
            </node>
          </node>
		</node>
        <!--This node is the root node for all instances of Generic Poster -->
        <node name="GenericMessagePoster">	

		  <node name="SDRRIOPOSTER">
			<map>
				  <entry key="QUEUE_CONNECTION_FACTORY_JNDI_NAME" value="FTTopicConnectionFactory"/>
				  <entry key="NAMING_FACTORY_NAME" value="com.tibco.tibjms.naming.TibjmsInitialContextFactory"/>
				  <entry key="PROVIDER_URL_NAME" value="eqtmsqa2.nam.nsroot.net:7055"/>
				  <entry key="TOPIC_NAME" value="RIO.USACKNACK.1"/>
				  <entry key="SECURITY_PRINCIPAL" value="OASYS"/>
				  <entry key="SECURITY_CREDENTIALS" value="OasysUser12!"/>
				  <entry key="MESSAGE_MODE" value="1"/>
				  <!--This Mandatory key represents Enum value pickedup from the GenericMessage.TypeOfMessage column. Multiple value need a ',' separator-->
				  <entry key="TYPE_OF_MESSAGE" value="20"/>
				  <!--This Mandatory key represents DB name where theGenericMessage table is located -->
				  <entry key="DATABASE" value="ECDB"/>
				  <!--This Mandatory key represents the Sleep interval (seconds) beween Polling requests by the POSTER -->
				  <entry key="SLEEP_INTERVAL" value="10"/>
				  <entry key="MESSAGE_SOURCE" value="RIO"/>
				  <entry key="MESSAGE_PROCESSING_STATUS" value="ACKNOWLEDGEMENT_GENERATED"/>
				  <entry key="MESSAGE_PROCESSING_UPDATE_STATUS" value="SENT_TO_UPSTREAM"/>
				  <entry key="SDR_BATCH_USER" value="SDR_RIO_POSTER"/>
			</map>
		  </node>
		  
		  <node name="SDRDTCCRATESPP">
            <map>
              <!--This Mandatory  represents the outgoing messages channel name (in the format channel_name@@provider_name) -->
              <!--<entry key="OUTGOING_CHANNEL_NAME" value="OASYS.DTCC.CONFIRM.REMOTE@@dtccmqs"/> -->
              <!--<entry key="OUTGOING_CHANNEL_NAME" value="OASYS.SDR.COMMODITY.REMOTE@@dtccmqs"/> -->
              <!--<entry key="OUTGOING_CHANNEL_NAME" value="OASYS.SDR.CREDITS.REMOTE@@dtccmqs"/>-->
              <!--<entry key="OUTGOING_CHANNEL_NAME" value="OASYS.SDR.EQUITY.REMOTE@@dtccmqs"/> -->
              <!--<entry key="OUTGOING_CHANNEL_NAME" value="OASYS.SDR.FX.REMOTE@@dtccmqs"/> -->
              <entry key="OUTGOING_CHANNEL_NAME" value="OASYS.SDR.RATES.REMOTE@@sdrdtccmqs"/>
			  
              <entry key="MESSAGE_ACTION_CLASS" value="com.citigroup.oasys.applications.MessageAction.MessageActionDefaultAdapter"/>
              <!--For MessagesModes 2 & 3 , This Optional key represents the incoming/ack message channel name (same format as above) -->
              <!--This Mandatory key represents the Messaging Mode (1 ,2 or 3)-->
              <entry key="MESSAGE_MODE" value="1"/>
              <!--This Mandatory key represents Enum value pickedup from the GenericMessage.TypeOfMessage column. Multiple value need a ',' separator-->
              <entry key="TYPE_OF_MESSAGE" value="20"/>
              <!--This Mandatory key represents DB name where theGenericMessage table is located -->
              <entry key="DATABASE" value="ECDB"/>
              <!--This Mandatory key represents the Sleep interval (seconds) beween Polling requests by the POSTER -->
              <entry key="SLEEP_INTERVAL" value="10"/>
              <!--This key represents the Message ID Model used by POSTER for Messaging modes 2 & 3-->
              <entry key="MESSAGE_ID_TYPE" value="4"/>

              <!--<entry key="REPLY_TO_Q" value="OASYS.DTCC.CONFIRM.REMOTE"/>-->
              <!--<entry key="REPLY_TO_Q" value="OASYS.SDR.COMMODITY.REMOTE"/>-->
              <!--<entry key="REPLY_TO_Q" value="OASYS.SDR.CREDITS.REMOTE"/>-->
              <!--<entry key="REPLY_TO_Q" value="OASYS.SDR.EQUITY.REMOTE"/>-->
              <!--<entry key="REPLY_TO_Q" value="OASYS.SDR.FX.REMOTE"/>-->
              <!-- <entry key="REPLY_TO_Q" value="OASYS.SDR.RATES.REMOTE"/> -->
              <entry key="REPLY_TO_Q" value="SDR.OASYS.RATES.LISTEN"/>


              <entry key="REPLY_TO_Q_MGR" value="QASYS_QM.DV"/>
              <entry key="APPLICATION_ID" value="01CIT100DOTE2D3"/>
              <entry key="SDR_BATCH_USER" value="DTCC_SDR_RATES_POSTER"/>
              <entry key="MESSAGE_SOURCE" value="REPORTING_ENGINE"/>
              <entry key="MESSAGE_DESTINATION" value="GTR"/>
              <entry key="MESSAGE_PROCESSING_STATUS" value="GENERATED"/>
			  <entry key="REPORTING_PURPOSE" value="'RT', 'RT-PET', 'PET', 'Confirm'"/>
              <entry key="MESSAGE_PROCESSING_STATUS_TO_UPDATE" value="DELIVERED_TEST"/>
              <entry key="BASE_QUERY" value="from SDR_MESSAGE a, SDR_MESSAGE_PROCESSING_STATUS b, SDR_MESSAGE_DETAIL c, KEY_SDR_MESSAGE_ATTRIBUTES d where a.MESSAGE_ID = b.MESSAGE_ID and a.MESSAGE_ID = c.MESSAGE_ID and c.PARENT_MESSAGE_ID = d.MESSAGE_ID and a.DESTINATION = 'GTR' and a.SOURCE = 'REPORTING_ENGINE' and b.PROCESSING_STATUS = 'GENERATED_TEST' and d.PRIMARY_ASSET_CLASS = 'InterestRate' and d.REPORTING_PURPOSE in ('RT', 'RT-PET', 'PET', 'Confirm')"/>
			  </map>
	      </node>
		</node>  
		<node name="GenericMessageReceiver">  
		  <node name="SDRDTCCRATESRECEIVER">
            <map>
              <!--This Mandatory  represents the outgoing messages channel name (in the format channel_name@@provider_name) -->
              <!--<entry key="INCOMING_CHANNEL_NAME" value="DTCC.OASYS.CONFIRM.LISTEN@@dtccmqr"/>-->
              <!--<entry key="INCOMING_CHANNEL_NAME" value="SDR.OASYS.COMMODITY.LISTEN@@dtccmqr"/>-->
              <!--<entry key="INCOMING_CHANNEL_NAME" value="SDR.OASYS.CREDITS.LISTEN@@dtccmqr"/>-->
              <!--<entry key="INCOMING_CHANNEL_NAME" value="SDR.OASYS.EQUITY.LISTEN@@dtccmqr"/>-->
              <!--<entry key="INCOMING_CHANNEL_NAME" value="SDR.OASYS.FX.LISTEN@@dtccmqr"/>-->
              <entry key="INCOMING_CHANNEL_NAME" value="SDR.OASYS.RATES.LISTEN@@sdrdtccmqr"/>

              <!--This key represents an the class name responsible for obtaining the MessageID from the message.Mandatory for modes 2&3 -->
              <!--This key represents an the class name responsible for obtaining the MessageID from the message.Mandatory for modes 2&3-->
              <entry key="MESSAGE_ACTION_CLASS" value="com.citigroup.oasys.applications.MessageAction.MessageActionDefaultAdapter"/>
              <!--For MessagesModes 2 & 3 , This Optional key represents the incoming/ack message channel name (same format as above) -->
              <!--This Mandatory key represents the Messaging Mode (1 ,2 or 3)-->
              <entry key="MESSAGE_MODE" value="4"/>
              <!--This Mandatory key represents Enum value picked up from the GenericMessage.TypeOfMessage column. Multiple value need a',' separator-->
              <entry key="TYPE_OF_MESSAGE" value="21"/>
              <!--This Mandatory key represents DB name where theGenericMessage table is located -->
              <entry key="DATABASE" value="ECDB"/>
              <entry key="APPLICATION_NAME" value="SDR_DTCC_RATES_RECEIVER"/>
			  </map>
		  </node>		  
		</node>
		
        <!--This node represents the various types of messaging modes supported by the Generic Poster and Receiver-->
        <node name="MessageModes">
          <map>
            <entry key="1" value="OUTGOING"/>
            <entry key="2" value="OUTGOING_WITH_ACK"/>
            <entry key="3" value="OUTGOING_WITH_INCOMING"/>
            <entry key="4" value="INCOMING"/>
            <entry key="5" value="INCOMING_WITH_ACK"/>
          </map>
        </node>
        <!--This node represents the various types of message Id communication techniques used for request reply models-->
        <node name="MessageIdTypes">
          <map>
            <entry key="1" value="APPLICATION"/>
            <entry key="2" value="PROVIDER"/>
            <entry key="3" value="CUSTOM"/>
            <entry key="4" value="NONE"/>
          </map>
        </node>
		
		</node>
		<!--Other Configuration Parameters of the application -->
		<node name="Application">
			<!-- XML Parser Pool sizes -->
			<node name="XMLParserPool">
				<map>
					<!-- MinSize specifies minimum Parser instances that should exist.
						 This is the initial size of the pool. The pool manager always
						 try to bring down the number of instances to this count -->
					<entry key="MinSize" value="5"/>
					<!-- If number of concurrent requests exceed this limit,
						 requests will not be processed. This value can be increased run-time
						 to accomodate more concurrent requests. A value of 0 means no 
						 max limit -->
					<entry key="MaxSize" value="100"/>
				</map>
			</node>
		</node>
		<!--This node contains all pproerties specific to polled batch jobs-->
		<node name="PolledBatchProperties">
		  <node name="ListServices">
			<map>
				 <entry key="CODES_LOAD_MODE" value="LAZY"/>
			</map>
		  </node>
			<map>
				<!-- The interval used by a Polling Thread (specified in Seconds) to check for last updated--> 
				<!-- time of an batch job that implements the PolledBatchApplicationInterface. Used to close-->
				<!-- that have been inactive for more than this polling interval--> 
				<entry key="POLLING_INTERVAL" value="30"/>
			</map>
		</node>
	</node>
    <node name="Referrals">
		<map>
		<entry key="REFERRALS_URL" value="http://127.0.0.1:7001/jsroot/Referrals/html/Home.html"/>
		<entry key="REFERRALS_MAIL_XSLT_FILE" value="C:/bea103/user_projects/domains/owebdomain/autodeploy/oweb/oasys/data/config/xslt/referrals.xsl" />
		<entry key="REFERRALS_FROM_EMAIL" value="Confirms.Ops@imcnam.ssmb.com"/>
		</map>
	</node>
	<node name="FileUpload">
		<map>
		<entry key="FILEUPLOAD_UPLOAD_PATH" value="C:/bea103/user_projects/domains/owebdomain/autodeploy/oweb/oasys/data/upload" />
		<entry key="FILEUPLOAD_REPOSITORY_PATH" value="C:/bea103/user_projects/domains/owebdomain/autodeploy/oweb/oasys/data/upload/temp" />
		<entry key="BULK_UPDATE_DIR" value="/ftp/cwm/upload/BulkUpdate"/>
		<entry key="RESTRUCTURING_UPDATE_DIR" value="/ftp/cwm/upload/Restructuring"/>
		<entry key="FILEUPLOAD_SIZE_THRESHOLD" value="4096"/>
		<entry key="FILEUPLOAD_SIZE_MAX" value="5000000"/>
		</map>
	</node>
	<node name="ReportScheduler">
	<map>
		<entry key="REPORTS_UPLOAD_DIR" value="C:/bea103/user_projects/domains/owebdomain/autodeploy/oweb/oasys/data/upload/Reports" />
	</map>
	</node>
	<node name="PWMSClientEmail">
        <map>
                <entry key="EmailAttachmentPath" value="C:/tmp/PWMSClientEmail/Attachments/"/>
                <entry key="EmailBodyPath" value="C:/tmp/PWMSClientEmail/EmailBody/"/>
                <entry key="EmailBccList" value="ashwin.gupta@citi.com"/>		
        </map>
       </node>
	<node name = "WordEdit">
	<map>
	        <entry key = "OVERRIDE_TEMPLATE_HOST" value = "https://webswdcwlbn21s.nam.nsroot.net:22631"/>
	</map>
    </node>
	<node name="ThreadConfig">
	  <map>
		<entry key="corePoolSize" value="2"/>
		<entry key="maxPoolSize" value="3"/>
		<entry key="keepAliveTime" value="500"/>
		<entry key="sleepTime" value="100"/>
	  </map>
	</node>
	<node name="MarkImportWatchFileThreadConfig">
	  <map>
		<entry key="corePoolSize" value="2"/>
		<entry key="maxPoolSize" value="3"/>
		<entry key="keepAliveTime" value="500"/>
		<entry key="sleepTime" value="100"/>
	  </map>
	</node>
	<node name="MarkImportEventKeyThreadConfig">
	  <map>
		<entry key="corePoolSize" value="2"/>
		<entry key="maxPoolSize" value="3"/>
		<entry key="keepAliveTime" value="500"/>
		<entry key="sleepTime" value="100"/>
	  </map>
	</node>

	<node name="ConvertMarkThreadConfig">
	  <map>
		<entry key="corePoolSize" value="2"/>
		<entry key="maxPoolSize" value="3"/>
		<entry key="keepAliveTime" value="500"/>
		<entry key="sleepTime" value="100"/>
	  </map>
	</node>
	<node name="SDRErrorAckDistributionList">
         <map>
<!--            <entry key="ashwin.gupta@citi.com;lv67307@imcnam.ssmb.com;rg19862@imcnam.ssmb.com;mg84538@imcnam.ssmb.com;rs00554@imcnam.ssmb.com;pp87276@imcnam.ssmb.com;nk56149@imcnam.ssmb.com;ms35328@imcnam.ssmb.com;sp61886@imcnam.ssmb.com" value=""/> -->
			<!-- more than one 'TO' email IDs as a value must be ";" delimited -->
            <entry key="DEFAULT" value="dl.gt.global.otc.sdr.staff@imcnam.ssmb.com;dl.gt.global.df.gtr.nacks@imcnam.ssmb.com"/>
            <entry key="GTR_NACK_DL" value="dl.gt.global.df.gtr.nacks@imcnam.ssmb.com"/>
			<entry key="OATC" value="ashwin.gupta@citi.com"/>
			
          <!-- <entry key="ankit.khujneri@citi.com" value=""/>  -->
          </map>
    </node>
    	<node name="SDRExceptionDistributionList">
          <map>
            <entry key="lv67307@imcnam.ssmb.com;ml11574@imcnam.ssmb.com;ba18794@imcnam.ssmb.com;mt70542@imcnam.ssmb.com;na32124@imcnam.ssmb.com;sk19554@imcnam.ssmb.com;ag18798@imcnam.ssmb.com" value=""/>
          <!-- <entry key="ankit.khujneri@citi.com" value=""/>  -->
          </map>
    </node>
    	<node name="SDRErrorSender">
          <map>
            <entry key="FROM_SDR_DL" value="dl.gt.global.otc.sdr.staff@imcnam.ssmb.com"/> 
          <!-- <entry key="ankit.khujneri@citi.com" value=""/>  -->
          </map>
    </node>    
	<node name="SDRFileUpload">
		<map>
			<entry key="SDR_FEEDBACK_FILE_UPLOAD_PATH" value="I:/Ashwin/temp/"/>
			<!-- <entry key="SDR_FEEDBACK_FILE_UPLOAD_PATH" value="C:/config/"/> -->
		</map>
	</node>
<node name="DenormalizeThreadConfig">
                  <map>
                                <entry key="corePoolSize" value="75"/>
                                <entry key="maxPoolSize" value="200"/>
                                <entry key="keepAliveTime" value="500"/>
                                <entry key="sleepTime" value="100"/>
								<entry key="FPA_NOTICE_PDF_DIR" value="C:/config/"/>
                  </map>
                
           </node>
		  
				<node name="IsgCloudInterface">
                                <map>
                                                <entry key="FPASteetCusipURL" value="http://referencedatacloud.icg.citigroup.net/api/v1/securities/product?search={&quot;Xref.CSP&quot;:&quot;InputCusipString&quot;}&amp;return=ProductSMCP.SMCP,IncomeInformation.CouponDividendRate,IncomeInformation.AccrualMethod,Issuer.IssuerName,Xref.FII,Product.Market,Product.Description,Product.SecurityTypeLevel1"/>
                                                <entry key="FPASecureCusipURL" value="http://referencedatacloud.icg.citigroup.net/api/v1/securities/product?search={&quot;Xref.SCSP&quot;:&quot;InputCusipString&quot;}&amp;return=ProductSMCP.SMCP,IncomeInformation.CouponDividendRate,,IncomeInformation.AccrualMethod,Issuer.IssuerName,Xref.FII,Product.Market,Product.IssuerSMCI,Product.OperationalIndicator,Product.Description,Product.SecurityTypeLevel1"/>
                                                <entry key="FPASMCIURL" value="http://referencedatacloud.icg.citigroup.net/api/v1/securities/issuer?search={&quot;IssuerSMCI.SMCI&quot;:&quot;InputCusipString&quot;}&amp;return=Issuer.IssuerName"/>
                                </map>
                </node>


	
</root>
</preferences>


