<ProcessWorkFlow>
<ProcessFlowTemplate name="CommonFlow">
<InstanceKey name="TicketID"/>
<LockKey name="Deal"/>
<Params>
<Param name="TypeOfConfirm"></Param>
<Param name="IsNoConfirmEligible"></Param>
<Param name="ByPassDTCCValidation" default="NO"></Param>
<Param name="DispatchMessageID" default="-1"></Param>
<Param name="DispatchConfirmQualityAlert" default="NO"></Param>
<Param name="InvalidCharacterSequenceConfirmQualityAlert" default="NO"></Param>
<Param name="CharacterSequenceAlert" default="NO"></Param>
<Param name="WorkflowAction"></Param>
<Param name="ConsolidationFlow" default="NO"></Param>
<Param name="DocumentID" defalult="-1"></Param>
<Param name="isGrouping"></Param>
</Params>

<DataObjects>

<DataObject name="ConfirmationState" dataModel="com.citigroup.TableModelObject"  dataServer="ORACLE" dataContainer="CONFIRMATION" dataExtractionMethod="Stored Procedure" dataExtractor="CPLCurrentConfirmStateData" />

</DataObjects>

<DataObjects>

<DataObject name="ConfirmationEvent" dataModel="com.citigroup.TableModelObject"  dataServer="ORACLE" dataContainer="CONFIRMATION" dataExtractionMethod="Stored Procedure" dataExtractor="CPLCURRENTCONFIRMEVENTDATA" />

</DataObjects>

<Stream>		
		<Step name="eligibility" queue="jms/EligibilityWorkflowQueue" nextStep="transformations" failedAction="com.citi.confirmsprocessing.flowcontroller.action.failedaction.EligibilityFailedAction"/>
</Stream>
		
<Stream>		
		<Step name="transformations" queue="jms/TransformationsWorkflowQueue" nextStep="dispatchEligiblity" failedAction="com.citi.confirmsprocessing.flowcontroller.action.failedaction.TransformationsFailedAction"/>
</Stream>
		
		<!-- Added by Raja for Dispatch Eligiblity-->
<Stream>		
		<Step name="dispatchEligiblity" queue="jms/DispatchEligiblityWorkflowQueue"  nextStep="incomeConfirmBean" failedAction="com.citi.confirmsprocessing.flowcontroller.action.failedaction.DispatchEligiblityFailedAction"/>
</Stream>
		<!--Dispatch Eligiblity Ends-->
		
		<!-- Added by Dilu for IncomeConfirmBean-->
<Stream>		
		<Step name="incomeConfirmBean" queue="incoming_confirm"  failedAction="com.citi.confirmsprocessing.flowcontroller.action.failedaction.IncomingConfirmFailedAction"/>
</Stream>

</ProcessFlowTemplate>

<!--Added by Raja for Dispatch Eligiblity-->
	<ProcessFlowTemplate name="DispatchEligiblity">
		<InstanceKey name="TicketID"/>		
		<LockKey name="Deal"/>		
		<Params>
			<Param name="TypeOfConfirm"></Param>
			<Param name="IsNoConfirmEligible"></Param>
			<Param name="ByPassDTCCValidation" default="NO"></Param>
		</Params>	
<DataObjects>

<DataObject name="ConfirmationState" dataModel="com.citigroup.TableModelObject"  dataServer="ORACLE" dataContainer="CONFIRMATION" dataExtractionMethod="Stored Procedure" dataExtractor="CPLCurrentConfirmStateData" />

</DataObjects>

<DataObjects>

<DataObject name="ConfirmationEvent" dataModel="com.citigroup.TableModelObject"  dataServer="ORACLE" dataContainer="CONFIRMATION" dataExtractionMethod="Stored Procedure" dataExtractor="CPLCURRENTCONFIRMEVENTDATA" />

</DataObjects>
<DataObjects>
		<DataObject name="OldConfirmationState" dataModel="com.citigroup.TableModelObject"  dataServer="ORACLE" dataContainer="CONFIRMATION" dataExtractionMethod="Stored Procedure" dataExtractor="CPLOldConfirmStateData" />
</DataObjects>
<DataObjects>		
		<DataObject name="Transaction" dataModel="com.citigroup.TableModelObject" dataServer="ORACLE" dataContainer="CONFIRMATION" dataExtractionMethod="Stored Procedure" dataExtractor="CPLCurrentTransactionData" />
</DataObjects>
<!-- 		<DataObjects>
		<DataObject name="DTCCParameters" dataModel="com.citigroup.TableModelObject" dataServer="ORACLE" dataContainer="CONFIRMATION" dataExtractionMethod="Stored Procedure" dataExtractor="CPLCurrentDTCCParameters" />
		</DataObjects>
		<DataObjects>
		<DataObject name="DTCCPostTrade" dataModel="com.citigroup.TableModelObject" dataServer="ORACLE"  dataContainer="CONFIRMATION" dataExtractionMethod="Stored Procedure" dataExtractor="CPLDTCCPostTradeData" />
		</DataObjects>
		<DataObjects>
		<DataObject name="CreditPaperConfirms" dataModel="com.citigroup.TableModelObject" dataServer="ORACLE" dataContainer="CONFIRMATION" dataExtractionMethod="Stored Procedure" dataExtractor="CPLCurCreditPaperConfirmsData" />
		</DataObjects>-->
		<DataObjects>
		<DataObject name="PaperConfirmsMessage" dataModel="com.citigroup.TableModelObject" dataServer="ORACLE" dataContainer="CONFIRMATION" dataExtractionMethod="Stored Procedure" dataExtractor="CPLPaperConfirmsMessage" />
		</DataObjects> 
		<Stream>		
			<Step name="dispatchEligiblity" queue="jms/DispatchEligiblityWorkflowQueue" failedAction="com.citi.confirmsprocessing.flowcontroller.action.failedaction.DispatchEligiblityFailedAction"/>
		</Stream>
	</ProcessFlowTemplate>
	<!--Dispatch Eligiblity Ends here-->
</ProcessWorkFlow>