<?xml version="1.0" encoding="UTF-8"?>
<beans:beans xmlns="http://www.springframework.org/schema/security"
	xmlns:beans="http://www.springframework.org/schema/beans" 
	xmlns:xsi="http://www.w3.org/2001/XMLSchema-instance"
	xsi:schemaLocation="http://www.springframework.org/schema/beans
	http://www.springframework.org/schema/beans/spring-beans-3.0.xsd
	http://www.springframework.org/schema/security
	http://www.springframework.org/schema/security/spring-security-3.2.xsd">
 
	<http auto-config="true">
		<intercept-url pattern="/admin**" access="ROLE_USER" />
		<form-login 
		    login-page="/login" 
		    default-target-url="/welcome" 
			authentication-failure-url="/login?error" 
			username-parameter="username"
			password-parameter="password" />
		<logout logout-success-url="/login?logout" />
		<!-- enable csrf protection -->
	</http>
 
	<authentication-manager>
		<authentication-provider>
		  <user-service>
			<user name="mkyong" password="123456" authorities="ROLE_USER" />
		  </user-service>
		</authentication-provider>
	</authentication-manager>
 
</beans:beans>