<?xml version="1.0" encoding="UTF-8"?>
<beans:beans xmlns="http://www.springframework.org/schema/mvc"
xmlns:jpa="http://www.springframework.org/schema/data/jpa"
	xmlns:xsi="http://www.w3.org/2001/XMLSchema-instance"
	xmlns:beans="http://www.springframework.org/schema/beans"
	
	xsi:schemaLocation="
        http://www.springframework.org/schema/mvc http://www.springframework.org/schema/mvc/spring-mvc-3.0.xsd
        http://www.springframework.org/schema/beans http://www.springframework.org/schema/beans/spring-beans-3.0.xsd
        http://www.springframework.org/schema/data/jpa  http://www.springframework.org/schema/data/jpa/spring-jpa.xsd">

	<!-- DispatcherServlet Context: defines this servlet's request-processing infrastructure -->
	
	<!-- Enables the Spring MVC @Controller programming model -->
	<annotation-driven />	

<jpa:repositories base-package="com.crossover.onlineexam.repository" />

	
	  <!-- Configure to plugin JSON as request and response in method handler -->
    <beans:bean class="org.springframework.web.servlet.mvc.method.annotation.RequestMappingHandlerAdapter">
        <beans:property name="messageConverters">
            <beans:list>
                <beans:ref bean="jsonMessageConverter"/>
            </beans:list>
        </beans:property>
    </beans:bean>
     
    <!-- Configure bean to convert JSON to POJO and vice versa -->
    <beans:bean id="jsonMessageConverter" class="org.springframework.http.converter.json.MappingJackson2HttpMessageConverter">
    </beans:bean> 
	

	<!-- Handles HTTP GET requests for /resources/** by efficiently serving up static resources in the ${webappRoot}/resources directory -->
	<resources mapping="/resources/**" location="/resources/" />

	<!-- Resolves views selected for rendering by @Controllers to .jsp resources in the /WEB-INF/views directory -->
	<beans:bean class="org.springframework.web.servlet.view.InternalResourceViewResolver">
		<beans:property name="prefix" value="/WEB-INF/views/" />
		<beans:property name="suffix" value=".jsp" />
	</beans:bean>
	
	<!-- Imports user-defined @Controller beans that process client requests -->
	<beans:import resource="controllers.xml" />
	

	<beans:bean id="validator"
		class="org.springframework.validation.beanvalidation.LocalValidatorFactoryBean" />
	
</beans:beans>
