<?xml version="1.0" encoding="UTF-8"?>
<beans:beans xmlns="http://www.springframework.org/schema/mvc"
    xmlns:xsi="http://www.w3.org/2001/XMLSchema-instance"
    xmlns:beans="http://www.springframework.org/schema/beans"
    xmlns:context="http://www.springframework.org/schema/context"
    xsi:schemaLocation="http://www.springframework.org/schema/mvc http://www.springframework.org/schema/mvc/spring-mvc.xsd
        http://www.springframework.org/schema/beans http://www.springframework.org/schema/beans/spring-beans.xsd
        http://www.springframework.org/schema/context http://www.springframework.org/schema/context/spring-context.xsd">
 
    <!-- DispatcherServlet Context: defines this servlet's request-processing infrastructure -->
     
    <!-- Enables the Spring MVC @Controller programming model -->
    <annotation-driven />
 
    <!-- Handles HTTP GET requests for /resources/** by efficiently serving up static resources in the ${webappRoot}/resources directory -->
    <resources mapping="/resources/**" location="/resources/" />
 
      <resources mapping="/static/**" location="/static/" />
 
 <view-controller path="/" view-name="index"/>
 
    <!-- Resolves views selected for rendering by @Controllers to .jsp resources in the /WEB-INF/views directory -->
    <beans:bean class="org.springframework.web.servlet.view.InternalResourceViewResolver">
        <beans:property name="prefix" value="/WEB-INF/pages/" />
        <beans:property name="suffix" value=".jsp" />
    </beans:bean>
     
    <!-- Configure to plugin JSON as request and response in method handler -->
    <beans:bean class="org.springframework.web.servlet.mvc.method.annotation.RequestMappingHandlerAdapter">
        <beans:property name="messageConverters">
            <beans:list>
                <beans:ref bean="jsonMessageConverter"/>
            </beans:list>
        </beans:property>
    </beans:bean>
     
    <!-- Configure bean to convert JSON to POJO and vice versa -->
    <beans:bean id="jsonMessageConverter" class="org.springframework.http.converter.json.MappingJackson2HttpMessageConverter">
    </beans:bean> 
    <beans:bean id="dataSource"
		class="org.springframework.jdbc.datasource.DriverManagerDataSource">
		<beans:property name="driverClassName" value="com.mysql.jdbc.Driver" />
		<beans:property name="url" value="jdbc:mysql://localhost:8889/sales" />
		<beans:property name="username" value="root" />
		<beans:property name="password" value="root" />
	</beans:bean>
	<beans:bean id="zipCodeDaoImpl" class="com.salesorderapp.dao.impl.ZipCodeDaoImpl">
		<beans:property name="dataSource" ref="dataSource" />
	</beans:bean>
     <beans:bean id="zipCodeLookupService" class="com.salesorderapp.service.SalesOrderAppService"></beans:bean>
    <context:component-scan base-package="com.salesorderapp.controller" />
</beans:beans>